{
  "GIN Baseline": {
    "accuracy": 0.9416666666666667,
    "precision": 0.9438248847926267,
    "recall": 0.9416666666666667,
    "f1": 0.94128672105888,
    "loss": 0.33995162000258766,
    "n_params": 30475,
    "train_time": 224.4568600654602
  },
  "TACO-Net Baseline": {
    "accuracy": 0.875,
    "precision": 0.8125,
    "recall": 0.875,
    "f1": 0.8333333333333333,
    "loss": 0.40427569548288983,
    "n_params": 27784,
    "train_time": 302.5493221282959
  }
}