{"epoch": [1, 2, 3], "train_loss": [2.1869948421205794, 2.0799966267177035, 1.9130928414208548], "train_ce": [2.125076535769871, 2.0223727941513063, 1.8778464828218733], "train_kl": [2.248913131441389, 2.1376204967498778, 1.9483391863959176], "val_loss": [2.0564125061035154, 1.9347517649332682, 1.8969015200932822], "student_val_acc": [0.35, 0.21666666666666667, 0.35], "teacher_acc_line": 0.9, "total_time": 10.934309244155884, "best_val_acc": 0.35}