{
  "GIN Teacher": {
    "accuracy": 0.9666666666666667,
    "precision": 0.9665178571428572,
    "recall": 0.9665178571428572,
    "f1": 0.9665178571428572,
    "loss": 0.34195659359296166,
    "n_params": 30475,
    "train_time": 0
  },
  "GIN Student": {
    "accuracy": 0.36666666666666664,
    "precision": 0.1470804195804196,
    "recall": 0.359375,
    "f1": 0.20643939393939392,
    "loss": 1.960670773188273,
    "n_params": 1674,
    "train_time": 10.934309244155884
  },
  "TACO-Net Teacher": {
    "accuracy": 0.8833333333333333,
    "precision": 0.8166666666666667,
    "recall": 0.875,
    "f1": 0.8369565217391304,
    "loss": 0.4044764041900635,
    "n_params": 27784,
    "train_time": 0
  },
  "TACO-Net Student": {
    "accuracy": 0.4,
    "precision": 0.4046875,
    "recall": 0.39285714285714285,
    "f1": 0.27370169082125606,
    "loss": 1.7298465887705485,
    "n_params": 1160,
    "train_time": 18.006534814834595
  }
}