{"epoch": [1, 2, 3], "train_loss": [2.1179914065769743, 2.0014131580080305, 1.8404087611607143], "train_ce": [1.983780700819833, 1.9184884207589286, 1.758475947380066], "train_kl": [2.2522021123341154, 2.0843378714152743, 1.9223415885652815], "val_loss": [2.1459437529246013, 1.9230289777119955, 1.8858450730641683], "student_val_acc": [0.3333333333333333, 0.43333333333333335, 0.38333333333333336], "teacher_acc_line": 0.8666666666666667, "total_time": 18.006534814834595, "best_val_acc": 0.43333333333333335}