{"round": [1, 2, 3, 4, 5], "val_acc": [0.39166666666666666, 0.3875, 0.45, 0.3875, 0.2875], "val_loss": [1.9104586442311604, 1.7789095600446065, 1.7069741169611612, 1.7404649138450623, 1.880040709177653], "client_losses": [[0.808881617550339, 0.5634843718792711, 0.4272727327155215, 0.36568352014624644, 0.22734790572098323], [0.9187051251530647, 0.6709352564598833, 0.47308294123836925, 0.3777412270328828, 0.3215729884670249], [1.397734270777021, 1.3493174067565372, 1.3366974260125841, 1.2766470968723298, 1.2042085221835546], [1.179414485820702, 0.8115794176501887, 0.5976616610905954, 0.5058459972164461, 0.4149224902902331]], "total_time": 367.18260741233826}