{"round": [1, 2, 3, 4, 5, 6, 7, 8, 9, 10, 11, 12, 13, 14, 15, 16, 17, 18, 19, 20], "val_acc": [0.19166666666666668, 0.19166666666666668, 0.3875, 0.3958333333333333, 0.5583333333333333, 0.5875, 0.625, 0.6333333333333333, 0.625, 0.6291666666666667, 0.625, 0.6875, 0.6291666666666667, 0.625, 0.625, 0.625, 0.625, 0.7416666666666667, 0.6958333333333333, 0.6666666666666666], "val_loss": [2.0783037265141804, 1.9436065753300984, 1.884114154179891, 1.82565016746521, 1.7751051425933837, 1.754495127995809, 1.7104256312052408, 1.7183258930842082, 1.7026727279027303, 1.7477081298828125, 1.71118905544281, 1.7741416056950887, 1.8006007591883342, 1.7695250352223715, 1.7932110230127971, 1.8585051059722901, 1.9137980540593464, 1.876313312848409, 2.04887797832489, 1.9034134149551392], "client_losses": [[1.219917823587145, 0.8919512595449175, 0.7378505650020781, 0.6419431277683803, 0.5737351397673289, 0.5129198382298151, 0.45678089743568784, 0.3615582166683106, 0.3037388739841325, 0.2869231178646996, 0.23661275782755442, 0.20050135254859924, 0.1575194562120097, 0.147254559752487, 0.12064441013194266, 0.10695047438854263, 0.10081407569703602, 0.09372372332782973, 0.07923047826403663, 0.07753479612015543], [1.014989333493369, 0.8169899449461983, 0.6913469785735721, 0.5900085669188272, 0.5140557433877673, 0.4407294503280095, 0.40774572903201695, 0.32780798929078236, 0.27197673320770266, 0.22214757143741562, 0.1942519221277464, 0.1694069378077984, 0.1577624937253339, 0.12698844327103523, 0.12286217695190793, 0.09664467363840058, 0.08710357200886522, 0.06893824773530165, 0.07187755531853153, 0.06777008809149265], [1.7298957915533157, 1.601825221379598, 1.48354180313292, 1.3965745715867905, 1.344873335247948, 1.2301393270492553, 1.0859270396686735, 1.0515651333899725, 0.9616825455711001, 0.8596168552126203, 0.8073966716017041, 0.7945662225995745, 0.7284925537449973, 0.6482101502872649, 0.555601571003596, 0.574495761451267, 0.4932042404299691, 0.45618322037515185, 0.48980314362616767, 0.4808174542018345], [1.2190640211105346, 0.9147788289047423, 0.7098526736100514, 0.6511244504224687, 0.5566492225442614, 0.483947590703056, 0.40317616292408537, 0.35628520534152075, 0.30525946595839093, 0.2571490907952899, 0.22229446570078532, 0.1904396194432463, 0.17043854839035444, 0.1458262678590559, 0.128982874751091, 0.11444571997438158, 0.08864160644866172, 0.08174956040013404, 0.07572144520069872, 0.061787073190013565]], "total_time": 1338.5483946800232}