{"round": [1, 2, 3, 4, 5], "val_acc": [0.125, 0.125, 0.4583333333333333, 0.2708333333333333, 0.3625], "val_loss": [2.0510464787483214, 1.9842230637868246, 1.9147472222646078, 1.8397217949231466, 1.8193549354871115], "client_losses": [[0.725828277851854, 0.48217124875102724, 0.3287649785301515, 0.34565976400460513, 0.26655156392204976], [1.0689379668661527, 0.7657187482076032, 0.5278807724692992, 0.4113002743838089, 0.2970320934961949], [1.2912758716515131, 1.258137308699744, 1.2097547445978438, 1.199614256620407, 1.1739682900054114], [0.9470048853329249, 0.6507307167031935, 0.42759204099753073, 0.31695671523255964, 0.2273990307801536]], "total_time": 294.203102350235}