{"round": [1, 2, 3, 4, 5, 6, 7, 8, 9, 10, 11, 12, 13, 14, 15, 16, 17, 18, 19, 20], "val_acc": [0.25, 0.9041666666666667, 0.9208333333333333, 0.925, 0.875, 0.975, 0.875, 0.875, 0.875, 0.9583333333333334, 0.8875, 0.925, 0.9291666666666667, 0.9833333333333333, 0.9333333333333333, 0.9458333333333333, 0.875, 0.9041666666666667, 0.9625, 0.95], "val_loss": [1.6644084294637045, 0.7425873001416524, 0.4593601842721303, 0.28791757225990294, 0.23416578968365986, 0.19392263889312744, 0.18109429677327474, 0.17112206319967907, 0.16950384974479676, 0.1612298200527827, 0.15858003894488018, 0.1486260881026586, 0.15345604717731476, 0.1428435891866684, 0.1445838967959086, 0.1294059783220291, 0.16077096462249757, 0.14244044522444407, 0.12418263455231984, 0.12888753712177276], "client_losses": [[1.6043925807589576, 1.1040465996378943, 0.8192442576090495, 0.5716390663669223, 0.4304926560038612, 0.34119688797564734, 0.29484478717758544, 0.26130185638155257, 0.23919673022769747, 0.21133297561180023, 0.21560710015751067, 0.19625450940359207, 0.19080088876542592, 0.19712731937567393, 0.203865703585602, 0.18561196220772608, 0.16827064177819662, 0.18084525991053807, 0.17067009373789743, 0.16634020514431455], [1.6001553297042848, 1.1213174575851077, 0.7885261808122908, 0.5868362622601645, 0.44853307746705556, 0.38835893415269396, 0.30102191170056664, 0.2825622684898831, 0.2536108451230185, 0.23298981998647963, 0.22901544727030254, 0.21838444003037044, 0.22188718446663447, 0.2063619403612046, 0.2155481008546693, 0.18491030072882061, 0.18515124626102902, 0.20553901692231497, 0.2000475369748615, 0.18037264056148983], [1.5883158365885417, 1.0471854278019497, 0.7969670874731881, 0.5583364935148329, 0.4251912639254615, 0.35217292592639016, 0.2771625919001443, 0.24480153478327252, 0.21559815335841406, 0.23290539866402035, 0.2048537172731899, 0.1993860404406275, 0.18555275279851186, 0.18294768326339267, 0.17957689329272225, 0.16906212405079887, 0.18310450329667047, 0.15916890445209686, 0.15950068136056264, 0.16598323980967203], [1.5970845699310303, 1.0982133905092875, 0.8164751751082284, 0.5407073812825339, 0.4119652762299492, 0.3443557370276678, 0.30132202619598025, 0.2690736767791566, 0.2523192330485299, 0.23732056291330428, 0.21574052976710456, 0.18717792757919857, 0.2068616285210564, 0.20511128171568827, 0.1847643718123436, 0.19620900778543382, 0.19290018933159964, 0.19607231247992743, 0.22929723802066984, 0.1720218083688191]], "total_time": 1551.0879592895508}