{"epoch": [1, 2, 3, 4, 5, 6, 7], "train_loss": [1.5211117923259736, 0.9133243488413947, 0.7330908969044685, 0.6940036215952464, 0.6553036427923611, 0.5895293799894197, 0.5924492452825819], "train_acc": [0.45, 0.7383928571428572, 0.7919642857142857, 0.7991071428571429, 0.8116071428571429, 0.8517857142857143, 0.8482142857142857], "val_loss": [0.8766002098719279, 0.5304276893536249, 0.5162638614575068, 0.47158252795537314, 0.45961543122927345, 0.45564793348312377, 0.45685194234053295], "val_acc": [0.8708333333333333, 0.9541666666666667, 0.875, 0.8791666666666667, 0.875, 0.9291666666666667, 0.8833333333333333]}