{"epoch": [1, 2, 3, 4, 5, 6, 7, 8], "train_loss": [1.5572757584708077, 1.1117603408438819, 0.9069182063852038, 0.8165124177932739, 0.7359122574329376, 0.7158314409000534, 0.6682858837502343, 0.6465268884386335], "train_acc": [0.42589285714285713, 0.6366071428571428, 0.7026785714285714, 0.7383928571428572, 0.7741071428571429, 0.79375, 0.8223214285714285, 0.8178571428571428], "val_loss": [1.1371877113978068, 0.7785298983256023, 0.5988316287597021, 0.5485857466856638, 0.5288892855246862, 0.5027204145987828, 0.5037033140659333, 0.49070109526316324], "val_acc": [0.6083333333333333, 0.8291666666666667, 0.875, 0.875, 0.875, 0.875, 0.875, 0.875]}