{"epoch": [1, 2, 3, 4, 5, 6, 7, 8, 9, 10, 11, 12, 13, 14, 15], "train_loss": [1.0889751417296274, 0.4547358070633241, 0.3115045293633427, 0.25689282611544645, 0.25207135432532857, 0.21370866753693138, 0.20254944623447954, 0.21304996217201863, 0.2134813290288938, 0.1828087154143889, 0.2361173909822745, 0.1941248341895906, 0.1791582636934306, 0.18866102750013983, 0.19085989139774548], "val_loss": [0.4100887303551038, 0.3022201428810755, 0.19467261359095572, 0.1913860738898317, 0.15978303635492921, 0.16371412662168344, 0.14899766518113514, 0.15834061006704966, 0.13980133841590334, 0.19761103230218094, 0.15171417100743081, 0.12829392993201813, 0.13508580859052016, 0.12580141987030705, 0.11117610216218357], "val_acc": [0.875, 0.875, 0.875, 0.9541666666666667, 0.9416666666666667, 0.9208333333333333, 0.95, 0.9291666666666667, 0.9583333333333334, 0.875, 0.8916666666666667, 0.9666666666666667, 0.9416666666666667, 0.9458333333333333, 0.975], "total_time": 138.55558276176453, "final_val_acc": 0.975}